known_adduct;fraghub_default;massdiff;ionmode
2M-2H+Ca-H;[(2M-2H+Ca)-H]-;36.939665;negative
2M-H+K-H;[(2M-H+K)-H]-;36.948606;negative
2M-H+Na-H;[(2M-H+Na)-H]-;20.974669;negative
3M-2H+Ca-H;[(3M-2H+Ca)-H]-;36.939665;negative
3M-H+K-H;[(3M-H+K)-H]-;36.948606;negative
3M-H+Na-H;[(3M-H+Na)-H]-;20.974669;negative
M+2CH3CO2H+Cl;[(M+2CH3CO2H)+Cl]-;155.011659;negative
M+2Na+2Cl+Cl;[(M+2Na+2Cl)+Cl]-;150.886647;negative
M+3Na+3Cl+Cl;[(M+3Na+3Cl)+Cl]-;208.84527;negative
M+4Na+4Cl+Cl;[(M+4Na+4Cl)+Cl]-;266.803893;negative
M+CH3CO2H+Cl;[(M+CH3CO2H)+Cl]-;94.99053;negative
M+CH3OH+Cl;[(M+CH3OH)+Cl]-;66.995601;negative
M+CH3OH-H;[(M+CH3OH)-H]-;31.018924;negative
M+H2O+Cl;[(M+H2O)+Cl]-;52.980001;negative
M+H2O-H;[(M+H2O)-H]-;17.003324;negative
M+Na+Cl+Cl;[(M+Na+Cl)+Cl]-;92.928024;negative
M+NH3+Cl;[(M+NH3)+Cl]-;51.99595;negative
M+NH3-H;[(M+NH3)-H]-;16.019273;negative
M-2H+2Na+Cl;[(M-2H+2Na)+Cl]-;78.933291;negative
M-2H+2Na-H;[(M-2H+2Na)-H]-;42.956724;negative
M-2H+2Na+2CH3CO2H+Cl;[(M-2H+2Na+2CH3CO2H)+Cl]-;198.975601;negative
M-2H+2Na+2CH3CO2H-H;[(M-2H+2Na+2CH3CO2H)-H]-;162.998924;negative
M-2H+Ca-H;[(M-2H+Ca)-H]-;36.939665;negative
M-2H+Ca+2CH3CO2H+Cl;[(M-2H+Ca+2CH3CO2H)+Cl]-;192.958601;negative
M-2H+Ca+2CH3CO2H-H;[(M-2H+Ca+2CH3CO2H)-H]-;156.981924;negative
M-2H+Ca+2CH3OH+Cl;[(M-2H+Ca+2CH3OH)+Cl]-;136.968757;negative
M-2H+Ca+2CH3OH-H;[(M-2H+Ca+2CH3OH)-H]-;100.99208;negative
M-2H+Ca+2H2O+Cl;[(M-2H+Ca+2H2O)+Cl]-;108.937507;negative
M-2H+Ca+2H2O-H;[(M-2H+Ca+2H2O)-H]-;72.96083;negative
M-2H+Ca+CH3CO2H+Cl;[(M-2H+Ca+CH3CO2H)+Cl]-;132.937471;negative
M-2H+Ca+CH3CO2H-H;[(M-2H+Ca+CH3CO2H)-H]-;96.960794;negative
M-2H+Ca+CH3OH+CH3COOH+Cl;[(M-2H+Ca+CH3OH+CH3COOH)+Cl]-;164.963686;negative
M-2H+Ca+CH3OH+CH3COOH-H;[(M-2H+Ca+CH3OH+CH3COOH)-H]-;128.987009;negative
M-2H+Ca+H2O+CH3CO2H+Cl;[(M-2H+Ca+H2O+CH3CO2H)+Cl]-;150.948036;negative
M-2H+Ca+H2O+CH3CO2H-H;[(M-2H+Ca+H2O+CH3CO2H)-H]-;114.971359;negative
M-2H+Ca+H2O+CH3OH+Cl;[(M-2H+Ca+H2O+CH3OH)+Cl]-;122.953107;negative
M-2H+Ca+H2O+CH3OH-H;[(M-2H+Ca+H2O+CH3OH)-H]-;86.97643;negative
M-2H2O-H;[(M-2H2O)-H]-;-37.027876;negative
M-C2H4-H;[(M-C2H4)-H]-;-29.038576;negative
M-C5H8O3-H;[(M-C5H8O3)-H]-;-117.054576;negative
M-C5H8O4-H;[(M-C5H8O4)-H]-;-133.049576;negative
M-CH2CO-H;[(M-CH2CO)-H]-;-43.017276;negative
M-CH2O-H;[(M-CH2O)-H]-;-31.017276;negative
M-CH3CH2NH-H;[(M-CH3CH2NH)-H]-;-46.065076;negative
M-CH3CHNH-H;[(M-CH3CHNH)-H]-;-44.049476;negative
M-CH3CHO-H;[(M-CH3CHO)-H]-;-45.032976;negative
M-CH3CO2H-H;[(M-CH3CO2H)-H]-;-61.028376;negative
M-CO-H;[(M-CO)-H]-;-29.002176;negative
M-CO2-H;[(M-CO2)-H]-;-44.997076;negative
M-GlcAc-H;[(M-GlcAc)-H]-;-177.039376;negative
M-H+2Na+Cl+Cl;[(M-H+2Na+Cl)+Cl]-;114.90997;negative
M-H+3Na+2Cl+Cl;[(M-H+3Na+2Cl)+Cl]-;172.868593;negative
M-H+4Na+3Cl+Cl;[(M-H+4Na+3Cl)+Cl]-;230.827216;negative
M-H+K+CH3CO2;[(M-H+K)+CH3CO2]-;96.969735;negative
M-H+K-H;[(M-H+K)-H]-;36.948606;negative
M-H+K+CH3CO2H+Cl;[(M-H+K+CH3CO2H)+Cl]-;132.946412;negative
M-H+Na+Cl;[(M-H+Na)+Cl]-;56.951347;negative
M-H+Na-H;[(M-H+Na)-H]-;20.974669;negative
M-H+Na+2CH3CO2H+Cl;[(M-H+Na+2CH3CO2H)+Cl]-;176.99363;negative
M-H+Na+2CH3CO2H-H;[(M-H+Na+2CH3CO2H)-H]-;141.016953;negative
M-H+Na+CH3CO2H+Cl;[(M-H+Na+CH3CO2H)+Cl]-;116.972501;negative
M-H+Na+CH3CO2H-H;[(M-H+Na+CH3CO2H)-H]-;80.995824;negative
M-H2O-H;[(M-H2O)-H]-;-19.022576;negative
M-H2O-CO-H;[(M-H2O-CO)-H]-;-47.012776;negative
M-H2O-CO2-H;[(M-H2O-CO2)-H]-;-63.007676;negative
M-H2O-NH3-H;[(M-H2O-NH3)-H]-;-36.044376;negative
M-H3PO4-H;[(M-H3PO4)-H]-;-98.974176;negative
M-HCN-HCN;[(M-HCN)-HCN]-;-28.017676;negative
M-HPO3-H;[(M-HPO3)-H]-;-80.973576;negative
M-NH3-H;[(M-NH3)-H]-;-18.033876;negative
M-NH3-CO-H;[(M-NH3-CO)-H]-;-46.028676;negative
M-SO3-H;[(M-SO3)-H]-;-80.964076;negative
2M+2Cl;[2M+2Cl]2-;69.938802;negative
2M+Cl;[2M+Cl]-;34.969401;negative
2M+FA-H;[2M+FA-H]-;44.9982;negative
2M+Hac-H;[2M+HAc-H]-;59.0139;negative
2M+K-2H;[2M+K-2H]-;36.9486;negative
2M+Na-2H;[2M+Na-2H]-;20.9747;negative
2M-2H;[2M-2H]2-;-2.014552;negative
2M-3H;[2M-3H]3-;-3.021828;negative
2M-H;[2M-H]-;-1.007276;negative
2M-H+Cl;[2M-H+Cl]2-;33.962125;negative
3M+2Cl;[3M+2Cl]2-;69.938802;negative
3M+Cl;[3M+Cl]-;34.969401;negative
3M-2H;[3M-2H]2-;-2.014552;negative
3M-3H;[3M-3H]3-;-3.021828;negative
3M-H;[3M-H]-;-1.007276;negative
3M-H+Cl;[3M-H+Cl]2-;33.962125;negative
M-;[M]-;0;negative
M+2Cl;[M+2Cl]2-;69.938802;negative
M+acetate;[M+acetate]-;59.0139;negative
M+Br;[M+Br]-;78.9183;negative
M+CH3CO2;[M+CH3CO2]-;59.013853;negative
M+CH3COO;[M+CH3COO]-;59.0139;negative
M+CH3COOH-H;[M+CH3COOH-H]-;59.0139;negative
M+Cl;[M+Cl]-;34.969401;negative
M+FA;[M+FA]-;44.9982;negative
M+FA-H;[M+FA-H]-;44.9982;negative
M+HCOO;[M+HCOO]-;44.9982;negative
M+K-2H;[M+K-2H]-;36.9486;negative
M+MeOH-H;[M+MeOH-H]-;32.0262;negative
M+Na-2H;[M+Na-2H]-;20.9747;negative
M+TFA-H;[M+TFA-H]-;112.9856;negative
M-2H;[M-2H]2-;-2.014552;negative
M-3H;[M-3H]3-;-3.021828;negative
M-Ac-H-;[M-Ac-H]-;-59.0139;negative
M-C2H3O;[M-C2H3O]-;-43.0184;negative
M-C3H7O2;[M-C3H7O2]-;-75.0419;negative
M-CH3;[M-CH3]-;-15.0235;negative
M-H;[M-H]-;-1.007276;negative
M-H+2CH3COOH;[M-H+2CH3COOH]-;119.034982;negative
M-H+Cl;[M-H+Cl]2-;33.962125;negative
2M-2H+Ca+2K;[(2M-2H+Ca)+2K]2+;115.873257;positive
2M-2H+Ca+2Na;[(2M-2H+Ca)+2Na]2+;83.925383;positive
2M-2H+Ca+Ca;[(2M-2H+Ca)+Ca]2+;77.908434;positive
2M-2H+Ca+K;[(2M-2H+Ca)+K]+;76.910099;positive
2M-2H+Ca+Na;[(2M-2H+Ca)+Na]+;60.936162;positive
2M-2H+Ca+Na+K;[(2M-2H+Ca)+Na+K]2+;99.89932;positive
2M-3H+2Ca;[(2M-3H+2Ca]+;76.901158;positive
2M-3H+K+Ca+Ca;[(2M-3H+K+Ca)+Ca]2+;115.864316;positive
2M-3H+Na+Ca+Ca;[(2M-3H+Na+Ca)+Ca]2+;99.890379;positive
2M-4H+2Ca+Ca;[(2M-4H+2Ca)+Ca]2+;115.855375;positive
2M-H+K+Ca;[(2M-H+K)+Ca]2+;77.917375;positive
2M-H+K+K;[(2M-H+K)+K]+;76.91904;positive
2M-H+Na+2K;[(2M-H+Na)+2K]2+;99.908261;positive
2M-H+Na+2Na;[(2M-H+Na)+2Na]2+;67.960387;positive
2M-H+Na+Ca;[(2M-H+Na)+Ca]2+;61.943438;positive
2M-H+Na+K;[(2M-H+Na)+K]+;60.945103;positive
2M-H+Na+Na;[(2M-H+Na)+Na]+;44.971166;positive
2M-H+Na+Na+K;[(2M-H+Na)+Na+K]2+;83.934324;positive
2M-K+K+2K;[(2M-K+K)+2K]2+;115.882198;positive
3M-2H+Ca+Na;[(3M-2H+Ca)+Na]+;60.936162;positive
3M-H+Na+2K;[(3M-H+Na)+2K]2+;99.908261;positive
3M-H+Na+2Na;[(3M-H+Na)+2Na]2+;67.960387;positive
3M-H+Na+Ca;[(3M-H+Na)+Ca]2+;61.943438;positive
3M-H+Na+K;[(3M-H+Na)+K]+;60.945103;positive
3M-H+Na+Na;[(3M-H+Na)+Na]+;44.971166;positive
3M-H+Na+Na+Ca;[(3M-H+Na)+Na+Ca]3+;84.932659;positive
3M-H+Na+Na+K;[(3M-H+Na)+Na+K]2+;83.934324;positive
M+2CH3CO2+2Na+H;[(M+2CH3CO2+2Na)+H]+;165.013476;positive
M+2CH3CO2+2Na+K;[(M+2CH3CO2+2Na)+K]+;202.969358;positive
M+2CH3CO2+2Na+Na;[(M+2CH3CO2+2Na)+Na]+;186.995421;positive
M+2CH3CO2+Ca+H;[(M+2CH3CO2+Ca)+H]+;158.996476;positive
M+2CH3CO2+Ca+K;[(M+2CH3CO2+Ca)+K]+;196.952358;positive
M+2CH3CO2+Ca+Na;[(M+2CH3CO2+Ca)+Na]+;180.978421;positive
M+2CH3CO2H+Cl_37Cl1;[(M+2CH3CO2H)+Cl]-_37Cl1;157.008709;positive
M+2CH3CO2H+H;[(M+2CH3CO2H)+H]+;121.049534;positive
M+2CH3CO2H+Na;[(M+2CH3CO2H)+Na]+;143.031505;positive
M+2CH3COOH+K;[(M+2CH3COOH)+K]+;159.005416;positive
M+2CH3COOH+Na;[(M+2CH3COOH)+Na]+;143.031479;positive
M+2CH3O+Ca+H;[(M+2CH3O+Ca)+H]+;103.006632;positive
M+2CH3O+Ca+K;[(M+2CH3O+Ca)+K]+;140.962514;positive
M+2CH3O+Ca+Na;[(M+2CH3O+Ca)+Na]+;124.988577;positive
M+2Na+2Cl+Cl_37Cl1;[(M+2Na+2Cl)+Cl]-_37Cl1;152.883697;positive
M+2Na+2Cl+Cl_37Cl2;[(M+2Na+2Cl)+Cl]-_37Cl2;154.8807469;positive
M+2NaCl+H;[(M+2NaCl)+H]+;116.924522;positive
M+2NaCl+H_37Cl1;[(M+2NaCl)+H]+_37Cl1;118.9215719;positive
M+2NaCl+K;[(M+2NaCl)+K]+;154.880404;positive
M+2NaCl+K_37Cl1;[(M+2NaCl)+K]+_37Cl1;156.8774539;positive
M+2NaCl+Na;[(M+2NaCl)+Na]+;138.906467;positive
M+2NaCl+Na_37Cl1;[(M+2NaCl)+Na]+_37Cl1;140.9035169;positive
M+2OH+Ca+H;[(M+2OH+Ca)+H]+;74.975382;positive
M+2OH+Ca+K;[(M+2OH+Ca)+K]+;112.931264;positive
M+2OH+Ca+Na;[(M+2OH+Ca)+Na]+;96.957327;positive
M+3Na+3Cl+Cl_37Cl1;[(M+3Na+3Cl)+Cl]-_37Cl1;210.84232;positive
M+3Na+3Cl+Cl_37Cl2;[(M+3Na+3Cl)+Cl]-_37Cl2;212.8393699;positive
M+3NaCl+H;[(M+3NaCl)+H]+;174.883145;positive
M+3NaCl+H_37Cl1;[(M+3NaCl)+H]+_37Cl1;176.8801949;positive
M+3NaCl+K;[(M+3NaCl)+K]+;212.839027;positive
M+3NaCl+K_37Cl1;[(M+3NaCl)+K]+_37Cl1;214.8360769;positive
M+3NaCl+Na;[(M+3NaCl)+Na]+;196.86509;positive
M+3NaCl+Na_37Cl1;[(M+3NaCl)+Na]+_37Cl1;198.8621399;positive
M+4Na+4Cl+Cl_37Cl1;[(M+4Na+4Cl)+Cl]-_37Cl1;268.800943;positive
M+4Na+4Cl+Cl_37Cl2;[(M+4Na+4Cl)+Cl]-_37Cl2;270.7979929;positive
M+Ca-H;[(M+Ca)-H]+;38.954217;positive
M+CH3CO2+K+H;[(M+CH3CO2+K)+H]+;98.984287;positive
M+CH3CO2+K+K;[(M+CH3CO2+K)+K]+;136.940169;positive
M+CH3CO2+Na+CH3CO2+Ca;[(M+CH3CO2+Na)+CH3CO2+Ca]+;180.978446;positive
M+CH3CO2+Na+K;[(M+CH3CO2+Na)+K]+;120.966258;positive
M+CH3CO2+Na+Na;[(M+CH3CO2+Na)+Na]+;104.992321;positive
M+CH3CO2H+CH3CO2+Ca;[(M+CH3CO2H)+CH3CO2+Ca]+;158.996475;positive
M+CH3CO2H+Cl_37Cl1;[(M+CH3CO2H)+Cl]-_37Cl1;96.98758;positive
M+CH3CO2H+H;[(M+CH3CO2H)+H]+;61.028405;positive
M+CH3CO2H+K;[(M+CH3CO2H)+K]+;98.984287;positive
M+CH3CO2H+Na;[(M+CH3CO2H)+Na]+;83.01035;positive
M+CH3CO2H+CH3CO2Na+K;[(M+CH3CO2H+CH3CO2Na)+K]+;180.987387;positive
M+CH3CO2H+CH3CO2Na+Na;[(M+CH3CO2H+CH3CO2Na)+Na]+;165.01345;positive
M+CH3O+CH3COO+Ca+H;[(M+CH3O+CH3COO+Ca)+H]+;131.001561;positive
M+CH3O+CH3COO+Ca+K;[(M+CH3O+CH3COO+Ca)+K]+;168.957443;positive
M+CH3O+CH3COO+Ca+Na;[(M+CH3O+CH3COO+Ca)+Na]+;152.983506;positive
M+CH3OH+Cl_37Cl1;[(M+CH3OH)+Cl]-_37Cl1;68.992651;positive
M+CH3OH+H;[(M+CH3OH)+H]+;33.033476;positive
M+CH3OH+K;[(M+CH3OH)+K]+;70.989358;positive
M+CH3OH+Na;[(M+CH3OH)+Na]+;55.015421;positive
M+CH3OH-2H+Ca+Na;[(M+CH3OH-2H+Ca)+Na]+;92.962377;positive
M+H2O+Cl_37Cl1;[(M+H2O)+Cl]-_37Cl1;54.977051;positive
M+H2O+H;[(M+H2O)+H]+;19.017876;positive
M+H2O+K;[(M+H2O)+K]+;56.973758;positive
M+H2O+Na;[(M+H2O)+Na]+;40.999821;positive
M+Na+CH3CO2Ca-H;[(M+Na+CH3CO2Ca-H]+;120.957291;positive
M+Na+Cl+Cl_37Cl1;[(M+Na+Cl)+Cl]-_37Cl1;94.925074;positive
M+Na+Cl+Cl_37Cl2;[(M+Na+Cl)+Cl]-_37Cl2;96.9221239;positive
M+NaCl+H;[(M+NaCl)+H]+;58.965899;positive
M+NaCl+H_37Cl1;[(M+NaCl)+H]+_37Cl1;60.9629489;positive
M+NaCl+K;[(M+NaCl)+K]+;96.921781;positive
M+NaCl+K_37Cl1;[(M+NaCl)+K]+_37Cl1;98.9188309;positive
M+NaCl+Na;[(M+NaCl)+Na]+;80.947844;positive
M+NaCl+Na_37Cl1;[(M+NaCl)+Na]+_37Cl1;82.9448939;positive
M+NH3+Cl_37Cl1;[(M+NH3)+Cl]-_37Cl1;53.993;positive
M+NH3+H;[(M+NH3)+H]+;18.033825;positive
M+NH3+K;[(M+NH3)+K]+;55.989707;positive
M+NH3+Na;[(M+NH3)+Na]+;40.01577;positive
M+OH+CH3CO2+Ca+H;[(M+OH+CH3CO2+Ca)+H]+;116.985911;positive
M+OH+CH3CO2+Ca+K;[(M+OH+CH3CO2+Ca)+K]+;154.941793;positive
M+OH+CH3CO2+Ca+Na;[(M+OH+CH3CO2+Ca)+Na]+;138.967856;positive
M+OH+CH3O+Ca+H;[(M+OH+CH3O+Ca)+H]+;88.990982;positive
M+OH+CH3O+Ca+K;[(M+OH+CH3O+Ca)+K]+;126.946864;positive
M+OH+CH3O+Ca+Na;[(M+OH+CH3O+Ca)+Na]+;110.972927;positive
M-2H+2K+Ca;[(M-2H+2K)+Ca]2+;115.873257;positive
M-2H+2Na+Ca;[(M-2H+2Na)+Ca]2+;83.925383;positive
M-2H+2Na+Cl_37Cl1;[(M-2H+2Na)+Cl]-_37Cl1;80.9303969;positive
M-2H+2Na+K;[(M-2H+2Na)+K]+;84.9416;positive
M-2H+2Na+Na;[(M-2H+2Na)+Na]+;68.967663;positive
M-2H+2Na+2CH3CO2H+Cl_37Cl1;[(M-2H+2Na+2CH3CO2H)+Cl]-_37Cl1;200.972651;positive
M-2H+Ca+Ca;[(M-2H+Ca)+Ca]2+;77.908434;positive
M-2H+Ca+K;[(M-2H+Ca)+K]+;76.910099;positive
M-2H+Ca+Na;[(M-2H+Ca)+Na]+;61.943438;positive
M-2H+Ca+Na;[(M-2H+Ca)+Na]+;60.936162;positive
M-2H+Ca+Na+K;[(M-2H+Ca)+Na+K]2+;99.89932;positive
M-2H+Ca+2CH3CO2H+Cl_37Cl1;[(M-2H+Ca+2CH3CO2H)+Cl]-_37Cl1;194.955651;positive
M-2H+Ca+2CH3OH+Cl_37Cl1;[(M-2H+Ca+2CH3OH)+Cl]-_37Cl1;138.965807;positive
M-2H+Ca+2H2O+Cl_37Cl1;[(M-2H+Ca+2H2O)+Cl]-_37Cl1;110.934557;positive
M-2H+Ca+CH3CO2H+Cl_37Cl1;[(M-2H+Ca+CH3CO2H)+Cl]-_37Cl1;134.934521;positive
M-2H+Ca+CH3OH+CH3COOH+Cl_Cl1;[(M-2H+Ca+CH3OH+CH3COOH)+Cl]-37_Cl1;166.960736;positive
M-2H+Ca+H2O+CH3CO2H+Cl_37Cl1;[(M-2H+Ca+H2O+CH3CO2H)+Cl]-_37Cl1;152.945086;positive
M-2H+Ca+H2O+CH3OH+Cl_37Cl1;[(M-2H+Ca+H2O+CH3OH)+Cl]-_37Cl1;124.950157;positive
M-2H2O+2H;[(M-2H2O)+2H]2+;-34.006048;positive
M-2H2O+3H;[(M-2H2O)+3H]3+;-32.998772;positive
M-2H2O+H;[(M-2H2O)+H]+;-35.013324;positive
M-3H+2Na+Ca;[(M-3H+2Na)+Ca]+;84.932659;positive
M-3H+K+Ca+Ca;[(M-3H+K+Ca)+Ca]2+;115.864316;positive
M-3H+Na+Ca+Ca;[(M-3H+Na+Ca)+Ca]2+;99.890379;positive
M-4H+2Ca+Ca;[(M-4H+2Ca)+Ca]2+;115.855375;positive
M-C2H4+2H;[(M-C2H4)+2H]2+;-26.016748;positive
M-C2H4+3H;[(M-C2H4)+3H]3+;-25.009472;positive
M-C2H4+H;[(M-C2H4)+H]+;-27.024024;positive
M-C4H8+2H;[(M-C4H8)+2H]2+;-54.048048;positive
M-C4H8+3H;[(M-C4H8)+3H]3+;-53.040772;positive
M-C4H8+H;[(M-C4H8)+H]+;-55.055324;positive
M-CH2CO+2H;[(M-CH2CO)+2H]2+;-39.995448;positive
M-CH2CO+3H;[(M-CH2CO)+3H]3+;-38.988172;positive
M-CH2CO+H;[(M-CH2CO)+H]+;-41.002724;positive
M-CH2O+2H;[(M-CH2O)+2H]2+;-27.995448;positive
M-CH2O+3H;[(M-CH2O)+3H]3+;-26.988172;positive
M-CH2O+H;[(M-CH2O)+H]+;-29.002724;positive
M-CH3-H.;[(M-CH3)-H]-.;-16.030776;positive
M-CH3CH2NH2+2H;[(M-CH3CH2NH2)+2H]2+;-43.043248;positive
M-CH3CH2NH2+3H;[(M-CH3CH2NH2)+3H]3+;-42.035972;positive
M-CH3CH2NH2+H;[(M-CH3CH2NH2)+H]+;-44.050524;positive
M-CH3CHNH+2H;[(M-CH3CHNH)+2H]2+;-41.027648;positive
M-CH3CHNH+3H;[(M-CH3CHNH)+3H]3+;-40.020372;positive
M-CH3CHNH+H;[(M-CH3CHNH)+H]+;-42.034924;positive
M-CH3CHO+2H;[(M-CH3CHO)+2H]2+;-42.011148;positive
M-CH3CHO+3H;[(M-CH3CHO)+3H]3+;-41.003872;positive
M-CH3CHO+H;[(M-CH3CHO)+H]+;-43.018424;positive
M-CH3CO2H+2H;[(M-CH3CO2H)+2H]2+;-58.006548;positive
M-CH3CO2H+3H;[(M-CH3CO2H)+3H]3+;-56.999272;positive
M-CH3CO2H+H;[(M-CH3CO2H)+H]+;-59.013824;positive
M-CO+2H;[(M-CO)+2H]2+;-25.980348;positive
M-CO+3H;[(M-CO)+3H]3+;-24.973072;positive
M-CO+H;[(M-CO)+H]+;-26.987624;positive
M-CO2+2H;[(M-CO2)+2H]2+;-41.975248;positive
M-CO2+3H;[(M-CO2)+3H]3+;-40.967972;positive
M-CO2+H;[(M-CO2)+H]+;-42.982524;positive
M-dR+2H;[(M-dR)+2H]2+;-114.032748;positive
M-dR+3H;[(M-dR)+3H]3+;-113.025472;positive
M-dR+H;[(M-dR)+H]+;-115.040024;positive
M-GlcA+2H;[(M-GlcA)+2H]2+;-174.017548;positive
M-GlcA+3H;[(M-GlcA)+3H]3+;-173.010272;positive
M-GlcA+H;[(M-GlcA)+H]+;-175.024824;positive
M-H+Ca;[(M-H)+Ca]+;38.954217;positive
M-H+2CH3O+Ca+Ca;[(M-H+2CH3O+Ca)+Ca]+;140.953573;positive
M-H+2Cl+Ca+Na+Na;[(M-H+2Cl+Ca+Na)+Na]+;154.871463;positive
M-H+2Cl+Ca+Na+Na_37Cl1;[(M-H+2Cl+Ca+Na)+Na]+_37Cl1;156.8685129;positive
M-H+2Na+Cl+Cl_37Cl1;[(M-H+2Na+Cl)+Cl]-_37Cl1;116.9070199;positive
M-H+2OH+Ca+Ca;[(M-H+2OH+Ca)+Ca]+;112.922323;positive
M-H+3Cl+Ca+2Na+Na;[(M-H+3Cl+Ca+2Na)+Na]+;212.830086;positive
M-H+3Cl+Ca+2Na+Na_37Cl1;[(M-H+3Cl+Ca+2Na)+Na]+_37Cl1;214.8271359;positive
M-H+3Na+2Cl+Cl_37Cl1;[(M-H+3Na+2Cl)+Cl]-_37Cl1;174.8656429;positive
M-H+4Na+3Cl+Cl_37Cl1;[(M-H+4Na+3Cl)+Cl]-_37Cl1;232.8242659;positive
M-H+CH3CO2+Ca+CH3CO2+Ca;[(M-H+CH3CO2+Ca)+CH3CO2+Ca]+;196.943417;positive
M-H+CH3O+CH3COO+Ca+Ca;[(M-H+CH3O+CH3COO+Ca)+Ca]+;168.948502;positive
M-H+Cl+Ca+Na;[(M-H+Cl+Ca)+Na]+;96.91284;positive
M-H+Cl+Ca+Na_37Cl1;[(M-H+Cl+Ca)+Na]+_37Cl1;98.9098899;positive
M-H+K+2K;[(M-H+K)+2K]2+;115.882198;positive
M-H+K+Ca;[(M-H+K)+Ca]2+;77.917375;positive
M-H+K+CH3CO2+Ca;[(M-H+K)+CH3CO2+Ca]+;136.931228;positive
M-H+K+K;[(M-H+K)+K]+;76.91904;positive
M-H+K+CH3CO2H+Cl_37Cl1;[(M-H+K+CH3CO2H)+Cl]-_37Cl1;134.943462;positive
M-H+Na+2K;[(M-H+Na)+2K]2+;99.908261;positive
M-H+Na+2Na;[(M-H+Na)+2Na]2+;67.960387;positive
M-H+Na+Ca;[(M-H+Na)+Ca]2+;61.943438;positive
M-H+Na+CH3CO2+Ca;[(M-H+Na)+CH3CO2+Ca]+;120.957317;positive
M-H+Na+Cl_37Cl1;[(M-H+Na)+Cl]-_37Cl1;58.9483969;positive
M-H+Na+K;[(M-H+Na)+K]+;61.952379;positive
M-H+Na+K;[(M-H+Na)+K]+;60.945103;positive
M-H+Na+Na;[(M-H+Na)+Na]+;45.978442;positive
M-H+Na+Na;[(M-H+Na)+Na]+;44.971166;positive
M-H+Na+Na+K;[(M-H+Na)+Na+K]2+;83.934324;positive
M-H+Na+2CH3CO2+Ca+Na;[(M-H+Na+2CH3CO2+Ca)+Na]+;202.960417;positive
M-H+Na+2CH3CO2H+Cl_37Cl1;[(M-H+Na+2CH3CO2H)+Cl]-_37Cl1;178.99068;positive
M-H+Na+CH3CO2H+Cl_37Cl1;[(M-H+Na+CH3CO2H)+Cl]-_37Cl1;118.969551;positive
M-H+OH+Ca+CH3CO2+Ca;[(M-H+OH+Ca)+CH3CO2+Ca]+;154.932852;positive
M-H+OH+CH3O+Ca+Ca;[(M-H+OH+CH3O+Ca)+Ca]+;126.937923;positive
M-H2O+2H;[(M-H2O)+2H]2+;-16.000748;positive
M-H2O+3H;[(M-H2O)+3H]3+;-14.993472;positive
M-H2O+H;[(M-H2O)+H]+;-17.008024;positive
M-H2O-CO+2H;[(M-H2O-CO)+2H]2+;-43.990948;positive
M-H2O-CO+3H;[(M-H2O-CO)+3H]3+;-42.983672;positive
M-H2O-CO+H;[(M-H2O-CO)+H]+;-44.998224;positive
M-H2O-CO2+2H;[(M-H2O-CO2)+2H]2+;-59.985848;positive
M-H2O-CO2+3H;[(M-H2O-CO2)+3H]3+;-58.978572;positive
M-H2O-CO2+H;[(M-H2O-CO2)+H]+;-60.993124;positive
M-H2O-NH3+2H;[(M-H2O-NH3)+2H]2+;-33.022548;positive
M-H2O-NH3+3H;[(M-H2O-NH3)+3H]3+;-32.015272;positive
M-H2O-NH3+H;[(M-H2O-NH3)+H]+;-34.029824;positive
M-H3PO4+2H;[(M-H3PO4)+2H]2+;-95.952348;positive
M-H3PO4+3H;[(M-H3PO4)+3H]3+;-94.945072;positive
M-H3PO4+H;[(M-H3PO4)+H]+;-96.959624;positive
M-HCN+2H;[(M-HCN)+2H]2+;-24.995848;positive
M-HCN+3H;[(M-HCN)+3H]3+;-23.988572;positive
M-HCN+H;[(M-HCN)+H]+;-26.003124;positive
M-HPO3+2H;[(M-HPO3)+2H]2+;-77.951748;positive
M-HPO3+3H;[(M-HPO3)+3H]3+;-76.944472;positive
M-HPO3+H;[(M-HPO3)+H]+;-78.959024;positive
M-NH3+2H;[(M-NH3)+2H]2+;-15.012048;positive
M-NH3+3H;[(M-NH3)+3H]3+;-14.004772;positive
M-NH3+H;[(M-NH3)+H]+;-16.019324;positive
M-NH3-CO+2H;[(M-NH3-CO)+2H]2+;-43.006848;positive
M-NH3-CO+3H;[(M-NH3-CO)+3H]3+;-41.999572;positive
M-NH3-CO+H;[(M-NH3-CO)+H]+;-44.014124;positive
M-R+2H;[(M-R)+2H]2+;-130.027748;positive
M-R+3H;[(M-R)+3H]3+;-129.020472;positive
M-R+H;[(M-R)+H]+;-131.035024;positive
M-SO3+2H;[(M-SO3)+2H]2+;-77.942248;positive
M-SO3+3H;[(M-SO3)+3H]3+;-76.934972;positive
M-SO3+H;[(M-SO3)+H]+;-78.949524;positive
2M+2Cl_37Cl1;[2M+2Cl]2-_37Cl1;71.935852;positive
2M+2Cl_37Cl2;[2M+2Cl]2-_37Cl2;73.932902;positive
2M+2H;[2M+2H]2+;2.014552;positive
2M+2K;[2M+2K]2+;77.926316;positive
2M+2Na;[2M+2Na]2+;45.978442;positive
2M+3Cl_37Cl1;[2M+3Cl]3-_37Cl1;106.905253;positive
2M+3Cl_37Cl2;[2M+3Cl]3-_37Cl2;108.902303;positive
2M+3H;[2M+3H]3+;3.021828;positive
2M+Ca;[2M+Ca]2+;39.961493;positive
2M+Ca-H;[2M+Ca-H]+;38.954217;positive
2M+Cl_37Cl1;[2M+Cl]-_37Cl1;36.966451;positive
2M+H;[2M+H]+;1.007276;positive
2M+H+K;[2M+H+K]2+;39.970434;positive
2M+H+Na;[2M+H+Na]2+;23.996497;positive
2M+K;[2M+K]+;38.963158;positive
2M+Na;[2M+Na]+;22.989221;positive
2M+Na+K;[2M+Na+K]2+;61.952379;positive
2M+NH4;[2M+NH4]+;18.0343;positive
2M-2H+Na;[2M-2H+Na]+;20.9747;positive
2M-H+Cl_37Cl1;[2M-H+Cl]2-_37Cl1;35.959175;positive
2M-H+Na;[2M-H+Na]+;21.9819;positive
3M+2Cl_37Cl1;[3M+2Cl]2-_37Cl1;71.935852;positive
3M+2H;[3M+2H]2+;2.014552;positive
3M+2K;[3M+2K]2+;77.926316;positive
3M+2Na;[3M+2Na]2+;45.978442;positive
3M+2Na+K;[3M+2Na+K]3+;84.9416;positive
3M+3Cl_37Cl1;[3M+3Cl]3-_37Cl1;106.905253;positive
3M+3Cl_37Cl2;[3M+3Cl]3-_37Cl2;108.902303;positive
3M+3H;[3M+3H]3+;3.021828;positive
3M+Ca;[3M+Ca]2+;39.961493;positive
3M+Cl_37Cl1;[3M+Cl]-_37Cl1;36.966451;positive
3M+Cl_37Cl2;[3M+Cl]2-_37Cl2;73.932902;positive
3M+H;[3M+H]+;1.007276;positive
3M+H+K;[3M+H+K]2+;39.970434;positive
3M+H+Na;[3M+H+Na]2+;23.996497;positive
3M+K;[3M+K]+;38.963158;positive
3M+Na;[3M+Na]+;22.989221;positive
3M+Na+2K;[3M+Na+2K]3+;100.915537;positive
3M+Na+K;[3M+Na+K]2+;61.952379;positive
3M-H+2Ca;[3M-H+2Ca]2+;77.908434;positive
3M-H+Ca;[3M-H+Ca]+;38.954217;positive
3M-H+Cl_37Cl1;[3M-H+Cl]2-_37Cl1;35.959175;positive
M+;[M]+;0;positive
M+2Cl_37Cl1;[M+2Cl]2-_37Cl1;71.935852;positive
M+2Cl_37Cl2;[M+2Cl]2-_37Cl2;73.932902;positive
M+2H;[M+2H]2+;2.014552;positive
M+2H-CH3;[M+2H-CH3]2+;-13.008948;positive
M+2K;[M+2K]2+;77.926316;positive
M+2Na;[M+2Na]2+;45.978442;positive
M+3Cl_37Cl1;[M+3Cl]3-_37Cl1;106.905253;positive
M+3Cl_37Cl2;[M+3Cl]3-_37Cl2;108.902303;positive
M+3H;[M+3H]3+;3.021828;positive
M+3H-CH3;[M+3H-CH3]3+;-12.001672;positive
M+ACN+H;[M+ACN+H]+;41.0265;positive
M+Ca;[M+Ca]2+;39.961493;positive
M+Ca-H+CH3CO2Ca-H;[M+Ca-H+CH3CO2Ca-H]+;136.922287;positive
M+Ca-H+CH3OCa;[M+Ca-H+CH3OCa]+;108.927373;positive
M+Ca-H+NH3;[M+Ca-H+NH3]+;55.980766;positive
M+CH3CO2+Ca;[M+CH3CO2+Ca]+;98.975346;positive
M+CH3O+Ca;[M+CH3O+Ca]+;70.980417;positive
M+Cl_37Cl1;[M+Cl]-_37Cl1;36.966451;positive
M+H;[M+H]+;1.007276;positive
M+H+CH3CO2Ca-H;[M+H+CH3CO2Ca-H]+;98.975346;positive
M+H+CH3OCa;[M+H+CH3OCa]+;70.980432;positive
M+H+K;[M+H+K]2+;39.970434;positive
M+H+Na;[M+H+Na]2+;23.996497;positive
M+H-2H2O;[M+H-2H2O]+;-36.0211;positive
M+H-3H2O;[M+H-3H2O]+;-54.0316;positive
M+H-C9H10O5;[M+H-C9H10O5]+;-194.0583;positive
M+H-CH3;[M+H-CH3]+;-14.016224;positive
M+H-H2O;[M+H-H2O]+;-18.0106;positive
M+H-NH3;[M+H-NH3]+;-17.0265;positive
M+K;[M+K]+;38.963158;positive
M+K+CH3CO2Ca-H;[M+K+CH3CO2Ca-H]+;136.931228;positive
M+K+CH3OCa;[M+K+CH3OCa]+;108.936314;positive
M+Li;[M+Li]+;6.941;positive
M+Na;[M+Na]+;22.989221;positive
M+Na+K;[M+Na+K]2+;61.952379;positive
M+NH4;[M+NH4]+;18.0343;positive
M+OH+Ca;[M+OH+Ca]+;56.964817;positive
M-3H+Ca+Ca;[M-3H+Ca+Ca]+;76.901158;positive
M-3H2O+H;[M-3H2O+H]+;-54.0316;positive
M-C3H8O+H;[M-C3H8O+H]+;-74.0368;positive
M-C6H10O5+H;[M-C6H10O5+H]+;-162.0528;positive
M-H+Cl_37Cl1;[M-H+Cl]2-_37Cl1;35.959175;positive
M-H2O;[M-H2O]+;-18.0111;positive
